Publication Type,Authors,Book Editors,Book Group Authors,Author Full Names,Article Title,Source Title,Book Series Title,Language,Document Type,Conference Title,Conference Date,Conference Location,Conference Sponsor,Author Keywords,Keywords Plus,Abstract,Addresses,Affiliations,Reprint Addresses,Email Addresses,Researcher Ids,ORCIDs,Funding Orgs,Funding Name Preferred,Funding Text,Cited Reference Count,"Times Cited, WoS Core","Times Cited, All Databases",180 Day Usage Count,Since 2013 Usage Count,Publisher,Publisher City,Publisher Address,ISSN,eISSN,ISBN,Journal Abbreviation,Journal ISO Abbreviation,Publication Date,Publication Year,Volume,Issue,Start Page,End Page,Article Number,DOI,DOI Link,Early Access Date,Number of Pages,WoS Categories,Web of Science Index,Research Areas,IDS Number,Pubmed Id,Open Access Designations,Date of Export,UT (Unique WOS ID),Web of Science Record
J,"Han, NN; Liu, D; Norton, T",,,"Han, Nana; Liu, Dong; Norton, Tomas",Towards an AI-based knowledge assistant for goat farmers based on retrieval-augmented generation,COMPUTERS AND ELECTRONICS IN AGRICULTURE,,English,Article,,,,,Retrieval-augmented generation; Goat farming; Table textualization; Decision-tree textualization; Heterogeneous knowledge synergy,NETWORK,"To address the challenges of limited expertise and complex data in goat farming, this study creates a Domain-First Retrieval-Augmented Generation (RAG) assistant framework. It uses table textualization and decision-tree textualization technologies to merge essential knowledge for goat husbandry. The system has a specialized knowledge base covering five key areas, including Disease Prevention and treatment, Nutrition Management, Rearing Management, Goat Milk Management, and Basic Farming Knowledge. It also includes an online retrieval module for acquiring real-time information. Experimental results show that this knowledge fusion strategy performs well, with average accuracies of 87.90% on the validation set and 84.22% on the test set. In Q&A tasks using text, tables, and decision trees, accuracy exceeds 85%, confirming the effectiveness of the modular design for structured knowledge. This study enhances the model's logical reasoning and long-tail knowledge capture capabilities through heterogeneous knowledge synergy. However, analysis reveals that Omission is the main cause of performance loss. Additionally, the initial professional corpus limits retrieval coverage and online filtering. Future work will aim to expand the knowledge base through active learning and improve retrieval strategies.","[Han, Nana; Liu, Dong; Norton, Tomas] Catholic Univ Louvain, Dept Biosyst, Div M3 BIORES Measure Model & Manage Bioresponses, Kasteelpk Arenberg 30, B-3001 Heverlee, Belgium",Universite Catholique Louvain,"Liu, D; Norton, T (corresponding author), Catholic Univ Louvain, Dept Biosyst, Div M3 BIORES Measure Model & Manage Bioresponses, Kasteelpk Arenberg 30, B-3001 Heverlee, Belgium.",dong.liu@kuleuven.be; tomas.norton@kuleuven.be,,,European Horizon project [lD: 101083541],European Horizon project,"This work was supported by the European Horizon project (Farmtopia, Grant agreement lD: 101083541) , funded under the call HORIZON-CL6-2022-FARM2FORK-02-two-stage.",0,0,0,0,0,ELSEVIER SCI LTD,London,"125 London Wall, London, ENGLAND",0168-1699,1872-7107,,COMPUT ELECTRON AGR,Comput. Electron. Agric.,APR,2026,245.0,,,,111542,10.1016/j.compag.2026.111542,http://dx.doi.org/10.1016/j.compag.2026.111542,,13,"Agriculture, Multidisciplinary; Computer Science, Interdisciplinary Applications",Science Citation Index Expanded (SCI-EXPANDED),Agriculture; Computer Science,DQ8CV,,,2026-03-04,WOS:001689865300001,View Full Record in Web of Science
J,"Scheffer, S; Martinetti, A; Damgrave, R; van Dongen, L",,,"Scheffer, Sara; Martinetti, Alberto; Damgrave, Roy; van Dongen, Leo",Enhancing failure analysis with augmented reality: insights from a rolling stock case study,PRODUCTION AND MANUFACTURING RESEARCH-AN OPEN ACCESS JOURNAL,,English,Article,,,,,Augmented reality; troubleshooting; user-interface design; human factors,MAINTENANCE,"The role of the maintenance operator is evolving with Industry 4.0, leveraging advanced technologies to enhance physical, sensory, and cognitive capabilities. Efficient troubleshooting support is critical to reducing operators' physical and mental stress in high-demand maintenance environments. Augmented reality (AR) presents a powerful solution by integrating real-time data visualisation, contextualised fault diagnostics, and interactive guidance into the troubleshooting workflow. However, existing research lacks structured approaches for AR-assisted troubleshooting that enable operators to rapidly detect, analyse, and resolve system failures. This research investigates the essential artificial intelligence (AI) and AR functionalities needed for effective troubleshooting. It examines how AR can enhance troubleshooting by seamlessly integrating real-time data, adaptive user interfaces (UI), and operator-driven insights. Findings from a railway case study indicate that AR-assisted troubleshooting improves decision-making, reduces task errors, facilitates knowledge capture, and supports both novice and experienced operators in structuring and contextualising system data. Iterative prototype development highlighted the importance of clear visualisation, guided autonomy, contextual information, and operator feedback. Future research will explore adaptive interfaces, real-time feedback loops, and broader deployment to further optimise AR-supported maintenance workflows.","[Scheffer, Sara] TU Wien, Res Unit Prod & Maintenance Management, Res Grp Logist & Qual Management, Getreidemarkt 9, A-1060 Vienna, Austria; [Martinetti, Alberto; Damgrave, Roy; van Dongen, Leo] Univ Twente, Dept Design Prod & Management, Enschede, Netherlands",Technische Universitat Wien; University of Twente,"Scheffer, S (corresponding author), TU Wien, Res Unit Prod & Maintenance Management, Res Grp Logist & Qual Management, Getreidemarkt 9, A-1060 Vienna, Austria.",sara.scheffer@tuwien.ac.at,,"Damgrave, Roy/0000-0002-4053-1012",Dutch Ministry of Economic Affairs and Climate; Netherlands Railways; University of Twente; TU Wien Bibliothek,Dutch Ministry of Economic Affairs and Climate; Netherlands Railways; University of Twente; TU Wien Bibliothek,"This research is co-financed with a PPP surcharge for Research and Innovation from the Dutch Ministry of Economic Affairs and Climate, the Netherlands Railways, and the University of Twente. The authors acknowledge TU Wien Bibliothek for financial support through its Open Access Funding Programme.",51,0,0,1,1,TAYLOR & FRANCIS LTD,ABINGDON,"2-4 PARK SQUARE, MILTON PARK, ABINGDON OR14 4RN, OXON, ENGLAND",,2169-3277,,PROD MANUF RES,Prod. Manuf. Res.,DEC 31,2025,13.0,1.0,,,2595446,10.1080/21693277.2025.2595446,http://dx.doi.org/10.1080/21693277.2025.2595446,,22,"Engineering, Industrial",Emerging Sources Citation Index (ESCI),Engineering,L6093,,"Green Submitted, Green Published, gold",2026-03-04,WOS:001629734800001,View Full Record in Web of Science
J,"Aditchere, J; Zokpe, D; Dery, BN; Mohammad, I",,,"Aditchere, James; Zokpe, Daniel; Dery, Bonaventure Naab; Mohammad, Irfan",Learning in silence: how tacit knowledge and alliances enable recovery among emerging market SMEs,JOURNAL OF STRATEGY AND MANAGEMENT,,English,Article; Early Access,,,,,Emerging market; Firm resilience; Tacit knowledge; Strategic alliance; Disruption absorption; Dynamic capability theory,SUPPLY CHAIN MANAGEMENT; RESOURCE-BASED VIEW; DYNAMIC CAPABILITIES; STRATEGIC ALLIANCES; MODERATING ROLE; PERFORMANCE; RESILIENCE; FIRM; DISRUPTION; INNOVATION,"PurposeThis study investigates how strategic alliances foster post-disruption recovery among manufacturing SMEs in emerging markets by examining the mediating role of tacit knowledge capture and the moderating effect of disruption absorption capacity. Anchored in the resource-based view and dynamic capabilities framework, we conceptualize alliances as dynamic platforms that provide access to complementary resources such as expertise and technology. The study advances resilience scholarship by unpacking the micro-mechanisms through which alliances generate recovery, emphasizing the synergistic interplay of tacit knowledge and disruption in enabling SMEs to adapt and sustain competitiveness in disruption-intensive environments.Design/methodology/approachGrounded in the resource-based view and dynamic capabilities framework, the study develops and tests a conditional indirect effects model using primary data from 247 manufacturing SMEs in Ghana. Hypotheses were tested with Hayes' PROCESS macro to estimate the mediation and moderation effects simultaneously.FindingsResults show that tacit knowledge embedded in alliance routines enhances firms' ability to reconfigure resources and recover from disruptions. Moreover, buffering capacity strengthens this indirect effect by providing the slack and flexibility needed to assimilate and apply external knowledge effectively.Research limitations/implicationsThe reliance on single-respondent survey data introduces potential bias despite robustness checks. Moreover, the focus on Ghana's manufacturing sector constrains generalizability. Future research should employ longitudinal and multi-informant approaches across diverse contexts to strengthen causal claims and explore additional mediators such as learning orientation or digitalization. The findings extend RBV and knowledge-based view scholarship by conceptualizing alliances as dynamic recovery platforms and by theorizing tacit knowledge capture as a central resilience mechanism in emerging markets.Practical implicationsFor SME managers, the findings highlight the importance of cultivating alliances that foster deep knowledge exchange rather than transactional partnerships. Building sufficient internal buffers further enhances firms' ability to convert externally sourced tacit knowledge into effective recovery actions, thereby improving post-disruption resilience.Social implicationsBy strengthening SME resilience, alliances and tacit knowledge capture contribute to employment stability and economic resilience in disruption-prone economies. Resilient SMEs sustain supply chain continuity and protect livelihoods during crises, reducing vulnerabilities at the community level. Encouraging interfirm collaboration also fosters collective knowledge-sharing, reinforcing regional resilience. Policymakers should incentivize alliance formation and support knowledge transfer initiatives, thereby mitigating the broader societal impacts of disruptions and fostering more inclusive, sustainable development trajectories in emerging markets.Originality/valueThis study advances the knowledge-based and dynamic capabilities perspectives by revealing how tacit knowledge functions as a mediating mechanism linking alliances to resilience outcomes and when buffering capacity amplifies this process. It positions alliances, knowledge flows and buffering capability as synergistic drivers of organizational resilience in emerging market contexts.","[Aditchere, James] Kwame Nkrumah Univ Sci & Technol, Ctr Appl Res & Innovat Supply Chain Afr CARISCA, Kumasi, Ghana; [Aditchere, James; Zokpe, Daniel; Dery, Bonaventure Naab] Kwame Nkrumah Univ Sci & Technol, Kumasi, Ghana; [Mohammad, Irfan] Chandigarh Univ, Ludhiana, India",Kwame Nkrumah University Science & Technology; Kwame Nkrumah University Science & Technology; Chandigarh University,"Aditchere, J (corresponding author), Kwame Nkrumah Univ Sci & Technol, Ctr Appl Res & Innovat Supply Chain Afr CARISCA, Kumasi, Ghana.;Aditchere, J (corresponding author), Kwame Nkrumah Univ Sci & Technol, Kumasi, Ghana.",Jamesaditchere@gmail.com; danielzokpe94@gmail.com; bonaventurenaabdery@gmail.com; drmohdirfan31@gmail.com,"Aditchere, James/JXY-4581-2024","Aditchere, James/0009-0009-0025-5824; Zokpe, Daniel/0009-0004-0988-5076; DERY, BONAVENTURE/0000-0002-4669-2810",,,,113,0,0,2,2,EMERALD GROUP PUBLISHING LTD,Leeds,"Floor 5, Northspring 21-23 Wellington Street, Leeds, W YORKSHIRE, ENGLAND",1755-425X,,,J STRATEGY MANAG,J. Strategy Manag.,2025 DEC 22,2025,,,,,,10.1108/JSMA-10-2025-0385,http://dx.doi.org/10.1108/JSMA-10-2025-0385,DEC 2025,23,Management,Emerging Sources Citation Index (ESCI),Business & Economics,Y5963,,,2026-03-04,WOS:001641768300001,View Full Record in Web of Science
J,"Huang, XP; Zhou, QW",,,"Huang, Xinping; Zhou, Qianwen",Knowledge management model in the integration of open innovation and circular economy driven by digital intelligence: A comparative multi-case study,JOURNAL OF INNOVATION & KNOWLEDGE,,English,Article,,,,,Digital intelligence; Knowledge management; Open innovation; Circular economy; Sustainable development; Artificial intelligence,,"While emerging digital technologies-such as artificial intelligence, blockchain, big data analytics, and digital twins-have reshaped knowledge management practices, their combined potential to support knowledge-based innovation and sustainability remains underexplored. This study proposes and validates an integrated knowledge management model enabled by digital intelligence that systematically connects open innovation and circular economy strategies. Grounded in the Knowledge-Based View, this study conceptualizes digital intelligence as a dynamic enabler that enhances firms' capabilities to absorb, integrate, and apply distributed knowledge across organizational boundaries. A comparative multi-case design was applied across four industry benchmark companies, such as PDD Holdings, Huawei, State Grid, and Siemens, using a mixed-methods approach that combined document analysis, 262 survey responses, and expert interviews. Findings show that knowledge management powered by digital intelligence enables the integration of open innovation and circular economy practices by automating knowledge capture, facilitating cross-boundary collaboration, and enabling real-time, sustainabilityoriented decision-making. Theoretically, the study extends the knowledge-based view to include digital intelligence-driven mechanisms; empirically, it offers a validated framework applicable across industries. These insights provide practical guidance for organizations to align their innovation performance with sustainability goals in the digital age.","[Huang, Xinping] Jilin Univ, Sch Business & Management, Changchun, Peoples R China; [Huang, Xinping] Jilin Univ, Natl Intelligent Social Governance Res Inst, Changchun, Peoples R China; [Zhou, Qianwen] Univ Calif Irvine, Paul Merage Sch Business, Irvine, CA 92697 USA",Jilin University; Jilin University; University of California System; University of California Irvine,"Zhou, QW (corresponding author), Sch Business 1, 4293 Pereira Dr, Irvine, CA 92697 USA.",huangxinping@jlu.edu.cn; qianwez7@uci.edu,"; Huang, XinPing/Q-6409-2018","Zhou, Qianwen/0009-0002-3890-0808;","National Natural Science Foundation of China, Research on Intelligent Evidence-Based Policymaking Information Awareness and Its Dynamic Deduction Driven by Knowledge Computing [72374082]","National Natural Science Foundation of China, Research on Intelligent Evidence-Based Policymaking Information Awareness and Its Dynamic Deduction Driven by Knowledge Computing","This research was funded by The National Natural Science Founda-tion of China, Research on Intelligent Evidence-Based Policymaking Information Awareness and Its Dynamic Deduction Driven by Knowl-edge Computing (Grant No. 72374082) .",35,0,0,52,52,ELSEVIER ESPANA,MADRID,"CALLE DE ZURBANO, 76-4TH FLR LEFT, MADRID, 28010, SPAIN",2530-7614,2444-569X,,J INNOV KNOWL,J. Innov. Knowl.,NOV-DEC,2025,10.0,6.0,,,100839,10.1016/j.jik.2025.100839,http://dx.doi.org/10.1016/j.jik.2025.100839,NOV 2025,14,Business; Management,Social Science Citation Index (SSCI),Business & Economics,8WM1E,,"Green Submitted, gold",2026-03-04,WOS:001598987600005,View Full Record in Web of Science
C,"Ryan, S","Shahriar, H; Alam, KS; Ohsaki, H; Cimato, S; Capretz, M; Ahmed, S; Ahamed, SI; Majumder, AKMJA; Haque, M; Yoshihisa, T; Cuzzocrea, A; Takemoto, M; Sakib, N; Elsayed, M",,"Ryan, Stephen","Barriers to the Adoption of Visual Knowledge Management Tools: Challenges at the Intersection of Technology, People, and Process","2025 IEEE 49TH ANNUAL COMPUTERS, SOFTWARE, AND APPLICATIONS CONFERENCE, COMPSAC",IEEE Annual International Computer Software and Applications Conference,English,Proceedings Paper,"49th Computers, Software and Applications Conference-COMPSAC","JUL 08-11, 2025","Toronto, CANADA",Institute of Electrical and Electronics Engineers Inc,Visual Knowledge Management Tools; Technology Adoption; Barriers to Adoption; Organizational Change; Knowledge Engineering,,"Visual Knowledge Management Tools (VKMTs) have gained attention for their ability to support knowledge capture, organization, and communication in fields such as software engineering, process design, and interdisciplinary collaboration. Despite their theoretical advantages, adoption across academia and industry remains inconsistent. This paper explores the barriers hindering VKMT adoption through a systematic literature review of 38 peer-reviewed studies published between 2015 and 2024. Key challenges were identified and thematically grouped into five categories: technological, organizational, human, economic, and cultural. The findings reveal that while many barriers are common to general technology adoption, others such as visual complexity, lack of interoperability, and visual literacy gaps are more specific to VKMTs. To support further research and practice, we provide a descriptive summary of the literature base, outline the methodological approach, and offer a structured framework of adoption barriers. Practical recommendations are offered for stakeholders seeking to implement VKMTs, along with suggestions for future empirical work to bridge the gap between potential and application.","[Ryan, Stephen] Univ Limerick, Comp Sci & Informat Syst, Limerick, Ireland",University of Limerick,"Ryan, S (corresponding author), Univ Limerick, Comp Sci & Informat Syst, Limerick, Ireland.",Stephen.E.Ryan@ul.ie,,,,,,15,0,0,0,0,IEEE COMPUTER SOC,LOS ALAMITOS,"10662 LOS VAQUEROS CIRCLE, PO BOX 3014, LOS ALAMITOS, CA 90720-1264 USA",2836-3787,,979-8-3315-7435-2; 979-8-3315-7434-5,Ann Int Comp Softw A,,,2025,,,1683.0,1687.0,,10.1109/COMPSAC65507.2025.00227,http://dx.doi.org/10.1109/COMPSAC65507.2025.00227,,5,"Computer Science, Artificial Intelligence; Computer Science, Interdisciplinary Applications; Computer Science, Software Engineering",Conference Proceedings Citation Index - Science (CPCI-S),Computer Science,BZ4BF,,,2026-03-04,WOS:001575960000218,View Full Record in Web of Science
C,"Stege, T; Çolakhasanoglu, S; Nijland, K; Salomons, E; Bos, DPO; De Vries, S",,ACM,"Stege, Thomas; Colakhasanoglu, Selin; Nijland, Koen; Salomons, Etto; Bos, Danny Plass-Oude; De Vries, Sjoerd",Knowledge retention through cognitive support technology (CST) in the manufacturing industry: a process inventory,"PROCEEDINGS OF THE 18TH ACM INTERNATIONAL CONFERENCE ON PERVASIVE TECHNOLOGIES RELATED TO ASSISTIVE ENVIRONMENTS, PETRA 2025",,English,Proceedings Paper,18th International Conference on Pervasive Technologies Related to Assistive Environments-PETRA,"JUN 25-27, 2025","Corfu, GREECE",Association for Computing Machinery,Cognitive support; Augmented Reality; manufacturing industry; aging workforce,,"Due to an aging population, many manufacturing companies face the challenge of retaining essential knowledge and preventing the loss of valuable expert knowledge. Cognitive Support Technology (CST) is technology used to provide support for the cognitive or mental demands that work requires. This research uses the principles of CST from the employer's viewpoint. The question is: how can technological solutions such as Augmented Reality be used for knowledge retention by means of knowledge capture and instruction, and which manufacturing processes are most suitable for this? Six industrial companies were involved in a two-pronged approach for data collection, involving a canvas session to identify general needs and a cognitive task analysis to further elaborate on the appropriate processes. All companies found at least some relevant process for implementation of AR for cognitive support, especially when it comes to AR instruction; for knowledge capture, more traditional methods involving paper or video are often preferred. We found various relevant cognitive challenges, including mental rotation for 3D images, as well as practical challenges for implementation, such as protective equipment that might interfere with AR solutions. One of the companies also took part in a pilot in order to test AR solutions for knowledge capture and instruction. It was found that employees appreciate the cognitive support, but have some reservations about practical issues such as the heaviness of the AR systems. Further research will focus on developing these AR solutions for the identified processes, as well as the implementation and evaluation of these solutions.","[Stege, Thomas; De Vries, Sjoerd] Saxion Univ Appl Sci, Deventer, Netherlands; [Colakhasanoglu, Selin; Nijland, Koen; Salomons, Etto; Bos, Danny Plass-Oude] Saxion Univ Appl Sci, Enschede, Netherlands",Saxion University of Applied Sciences; Saxion University of Applied Sciences,"Stege, T (corresponding author), Saxion Univ Appl Sci, Deventer, Netherlands.",t.a.m.stege@saxion.nl; s.colakhasanoglu@saxion.nl; k.nijland@saxion.nl; e.l.salomons@saxion.nl; d.plass@saxion.nl; s.j.devries@saxion.nl,,"de Vries, Sjoerd/0000-0001-8340-047X","Regieorgaan SIA, a Dutch governing body that stimulates the professionalisation, quality enhancement and self-organisation of practice-oriented research at universities of applied sciences [RAAK.MKB18.013]","Regieorgaan SIA, a Dutch governing body that stimulates the professionalisation, quality enhancement and self-organisation of practice-oriented research at universities of applied sciences","This project was funded by Regieorgaan SIA, a Dutch governing body that stimulates the professionalisation, quality enhancement and self-organisation of practice-oriented research at universities of applied sciences. They do this with the help of various financing instruments, for the concrete execution of research, but also for the formation of networks and platforms. The project's grant number is RAAK.MKB18.013.",18,0,0,0,0,ASSOC COMPUTING MACHINERY,NEW YORK,"1601 Broadway, 10th Floor, NEW YORK, NY, UNITED STATES",,,979-8-4007-1402-3,,,,2025,,,554.0,561.0,,10.1145/3733155.3734902,http://dx.doi.org/10.1145/3733155.3734902,,8,"Computer Science, Cybernetics; Computer Science, Interdisciplinary Applications; Engineering, Multidisciplinary; Ergonomics",Conference Proceedings Citation Index - Science (CPCI-S); Conference Proceedings Citation Index - Social Science & Humanities (CPCI-SSH),Computer Science; Engineering,BZ4CS,,gold,2026-03-04,WOS:001576448300081,View Full Record in Web of Science
C,"Wheaton, JS; Younse, PJ",,IEEE,"Wheaton, James S.; Younse, Paulo J.",Architecting the Mars Returned Sample Handling System-of-Systems with Agile MBSE,2025 IEEE AEROSPACE CONFERENCE,IEEE Aerospace Conference Proceedings,English,Proceedings Paper,2025 Aerospace Conference-AERO-Annual,"MAR 01-08, 2025","Big Sky, MT",Institute of Electrical and Electronics Engineers Inc,,,"The future proposed Mars Sample Return Campaign aims to retrieve sample tubes containing Martian rock and gas samples from the Mars 2020 Perseverance Rover and return them to Earth for further scientific study. The Sample Receiving Project (SRP) currently in Pre-Phase A is responsible for receiving and curating the Martian samples, and has tasked the Mars Returned Sample Handling (MRSH) sub-project with developing key technologies for safely handling and opening the sample tubes inside double-walled isolators housed in the proposed Sample Receiving Facility (SRF). This paper presents the agile model-based systems engineering (MBSE) approach used in developing the SysML-based system architecture for the MRSH system-of-systems and its context. Our objectives were to quickly demonstrate the value of MBSE to NASA, JPL, and ESA stakeholders, and to improve the quality of project artifacts by leveraging MBSE early in the project life cycle. The agile MBSE methods we employed included: establishing a project lexicon, developing model-based requirements, developing tailored views and generating project artifacts, meta-modeling for project reuse, and model co-development using informal reviews for authoritative feedback prior to Mission Concept Review (MCR). In a period of 9 months, approximately 25,000 model elements, over 100 diagrams, and over 300 requirements and 50 requirement sets were developed for 9 (sub-)systems with hybrid human-robotic operations and interdependent interfaces across three cleanroom isolators. This lightweight MBSE approach focused on delivering an architecture model with diagrams that fit into a traditional system architecture framework while meeting the immediate needs of stakeholders where non-MBSE tools fell short. Results from the project validated commonly cited MBSE benefits such as improved communication, increased ability to manage system complexity, increased traceability, improved consistency, enhanced knowledge capture and reuse, and improved ability to teach and learn SE fundamentals.","[Wheaton, James S.] Colorado State Univ, Engn Bldg 202,6029 Campus Delivery, Ft Collins, CO 80523 USA; [Younse, Paulo J.] CALTECH, Jet Prop Lab, 4800 Oak Grove Dr, Pasadena, CA 91109 USA",Colorado State University System; Colorado State University Fort Collins; National Aeronautics & Space Administration (NASA); NASA Jet Propulsion Laboratory (JPL); California Institute of Technology,"Wheaton, JS (corresponding author), Colorado State Univ, Engn Bldg 202,6029 Campus Delivery, Ft Collins, CO 80523 USA.",James.Wheaton@colostate.edu; Paulo.J.Younse@jpl.nasa.gov,,,,,,30,0,0,1,1,IEEE,NEW YORK,"345 E 47TH ST, NEW YORK, NY 10017 USA",1095-323X,,979-8-3503-5598-7; 979-8-3503-5597-0,AEROSP CONF PROC,,,2025,,,,,,10.1109/AERO63441.2025.11068735,http://dx.doi.org/10.1109/AERO63441.2025.11068735,,11,"Engineering, Aerospace",Conference Proceedings Citation Index - Science (CPCI-S),Engineering,BZ2LR,,,2026-03-04,WOS:001553229100331,View Full Record in Web of Science
J,"Xiahou, XE; Chen, GT; Li, ZR; Xu, X; Li, QM",,,"Xiahou, Xiaer; Chen, Gaotong; Li, Zirui; Xu, Xin; Li, Qiming","Knowledge Management in Construction Quality Management: Current State, Challenges, and Future Directions",IEEE TRANSACTIONS ON ENGINEERING MANAGEMENT,,English,Article,,,,,Quality management; Reviews; Industries; Engineering management; Training; Data mining; Costs; Stakeholders; Complexity theory; Total quality management; Construction quality management (CQM); knowledge management (KM); knowledge-driven quality management; mixed review; quality control,BIM; IMPACT; FRAMEWORK; PROJECTS; DESIGN; SYSTEM,"Construction quality management (CQM), as one of the major activities in construction project management, relies heavily on knowledge. Unfortunately, the knowledge of CQM is diverse in format and scattered in different stakeholders within the whole construction processes. Therefore, knowledge management (KM) of CQM is underinvestigated. To offering a comprehensive view of KM in CQM, this article employed a mixed review method to critically review 87 related articles. The results indicate 1) building information modeling, ontology, and natural language processing are identified as critical technologies in KM, 2) expert system and decision support, structural health monitoring, and project management are the major application domains. This article conducts an in-depth analysis of the literature based on the three phases of quality control: pre-construction, in-construction, and post-construction. The results are discussed to critically assess the critical technologies in KM. A framework is proposed to guide the effective implementation of KM in CQM, alongside a discussion of the current challenges and opportunities. The article further identifies potential development directions for KM in CQM, including total quality management, digital twins, development of large language models, construction of No-cost KM platforms, uniform evaluation and standardization mechanisms, tacit knowledge capture, and confidentiality and security. A novel paradigm for knowledge-driven quality management decision-making is first introduced. This article offers a comprehensive perspective on the application of KM in CQM, which will significantly enhance the effectiveness of CQM implementation in the future.","[Xiahou, Xiaer; Chen, Gaotong; Li, Zirui; Li, Qiming] Southeast Univ, Sch Civil Engn, Nanjing 211189, Peoples R China; [Xu, Xin] Hohai Univ, Business Sch, Nanjing 211100, Peoples R China",Southeast University - China; Hohai University,"Xiahou, XE (corresponding author), Southeast Univ, Sch Civil Engn, Nanjing 211189, Peoples R China.",xhcmre@seu.edu.cn; cgt1227@163.com; seulzr@126.com; xinxu@hhu.edu.cn; njlqming@163.com,"Chen, Gaotong/KWU-2716-2024","Chen, Gaotong/0009-0006-7994-2106; Xiahou, Xiaer/0000-0001-8021-5113; Xu, Xin/0009-0007-6854-0205",National Key Research and Development Program of China [2023YFC3804302]; National Natural Science Foundation of China [72101054],National Key Research and Development Program of China(National Key Research & Development Program of China); National Natural Science Foundation of China(National Natural Science Foundation of China (NSFC)),This work was supported inpart by the National Key Research and Development Program of China underGrant 2023YFC3804302 and in part by the National Natural Science Foundation of China under Grant 72101054.,138,3,3,42,94,IEEE-INST ELECTRICAL ELECTRONICS ENGINEERS INC,PISCATAWAY,"445 HOES LANE, PISCATAWAY, NJ 08855-4141 USA",0018-9391,1558-0040,,IEEE T ENG MANAGE,IEEE Trans. Eng. Manage.,,2025,72.0,,1069.0,1088.0,,10.1109/TEM.2025.3550354,http://dx.doi.org/10.1109/TEM.2025.3550354,,20,"Business; Engineering, Industrial; Management",Science Citation Index Expanded (SCI-EXPANDED); Social Science Citation Index (SSCI),Business & Economics; Engineering,0WO1I,,,2026-03-04,WOS:001457722000004,View Full Record in Web of Science
J,"Kabashkin, I",,,"Kabashkin, Igor",Integration of Foundation Models and Federated Learning in AIoT-Based Aircraft Health Monitoring Systems,MATHEMATICS,,English,Article,,,,,aviation health monitoring systems; foundation models; federated learning; Artificial Intelligence of Things; predictive maintenance; aircraft safety; machine learning in aviation; cognitive computing,,"The study presents a comprehensive framework for integrating foundation models (FMs), federated learning (FL), and Artificial Intelligence of Things (AIoT) technologies to enhance aircraft health monitoring systems (AHMSs). The proposed architecture uses the strengths of both centralized and decentralized learning approaches, combining the broad knowledge capture of foundation models with the privacy-preserving and adaptive nature of federated learning. Through extensive simulations on a representative aircraft fleet, the integrated FM + FL approach demonstrated consistently superior performance compared to standalone implementations across multiple key metrics, including prediction accuracy, model size efficiency, and convergence speed. The framework establishes a robust digital twin ecosystem for real-time monitoring, predictive maintenance, and fleet-wide optimization. Comparative analysis reveals significant improvements in anomaly detection capabilities and reduced false alarm rates compared to traditional methods. The study conducts a systematic evaluation of the benefits and limitations of FM, FL, and integrated approaches in AHMS, examining their implications for system robustness, scalability, and security. Statistical analysis confirms that the integrated approach substantially enhances precision and recall in identifying potential failures while optimizing computational resources and training time. This paper outlines a detailed aviation ecosystem architecture integrating these advanced AI technologies across centralized processing, client, and communication domains. Future research directions are identified, focusing on improving model efficiency, ensuring generalization across diverse operational conditions, and addressing regulatory and ethical considerations.","[Kabashkin, Igor] Transport & Telecommun Inst, Engn Fac, Lauvas 2, LV-1019 Riga, Latvia",Transport & Telecommunication Institute - Latvia,"Kabashkin, I (corresponding author), Transport & Telecommun Inst, Engn Fac, Lauvas 2, LV-1019 Riga, Latvia.",kiv@tsi.lv,"Kabashkin, Igor/F-8927-2011","Kabashkin, Igor/0000-0003-4004-6620",,,,34,4,4,1,11,MDPI,BASEL,"MDPI AG, Grosspeteranlage 5, CH-4052 BASEL, SWITZERLAND",,2227-7390,,MATHEMATICS-BASEL,Mathematics,NOV,2024,12.0,21.0,,,3428,10.3390/math12213428,http://dx.doi.org/10.3390/math12213428,,32,Mathematics,Science Citation Index Expanded (SCI-EXPANDED),Mathematics,L6K9V,,"Green Submitted, gold",2026-03-04,WOS:001351798600001,View Full Record in Web of Science
J,"De Sisto, M; Shearing, C; Heffernan, T; Sanderson, D",,,"De Sisto, Marco; Shearing, Clifford; Heffernan, Timothy; Sanderson, David",Reshaping disaster management: An integrated community-led approach,AUSTRALIAN JOURNAL OF PUBLIC ADMINISTRATION,,English,Article; Early Access,,,,,community-centred; community-led; disaster management; network governance theory; polycentric system,ADAPTIVE GOVERNANCE; NETWORK GOVERNANCE; RESILIENCE; GOVERNMENT; LESSONS; MYTHS,"The management of disasters has traditionally involved public, private, and nongovernmental organisations working together. While scholars have examined the value of collaborations among these entities, less is known about how to successfully engage and empower communities in disaster management. Based on network governance theory, this article contributes to the growing body of public management literature on community engagement by presenting findings from an Australian research initiative conducted after the 2019/20 Black Summer bushfires in New South Wales. Through workshops and semi-structured interviews with a total of 58 members from local communities and emergency agencies, this paper identifies differing perspectives on power distribution among stakeholders, indicating complexities in achieving an integrated and community-led disaster management approach. The findings underscore the need to shift from exclusively centralised to more inclusive systems, recognising the unique contributions of nonofficial community-based groups. To address this, the study suggests: a funded community consultation committee, ensuring government and local community representation; collaborative debriefing sessions, leveraging technology for knowledge capture; and the adoption of different leadership styles able to identify, include, and integrate communities as both steerers and rowers within established hierarchical arrangements.Points for practitioners The current centralised emergency management system, which relies on recognised experts and state-controlled facilities, limits the integration of nonofficial resources and community-based knowledge. A shift towards a more community-centric and integrated approach (collaborative polycentric governance) is needed to enhance disaster resilience and response in Australia. Different stages of disaster reduction could and should have different leadership styles: a transformational, collaborative community-based style should be implemented before and after the disaster, while a transactional leadership style, more focused on restructuring the system or how it is applied, should be adopted during the disaster.","[De Sisto, Marco] RMIT Univ, Grad Sch Business & Law, Bldg 13,124 La Trobe St, Melbourne, VIC 3004, Australia; [Shearing, Clifford] Univ Cape Town, Fac Law, Cape Town, South Africa; [Heffernan, Timothy; Sanderson, David] UNSW Sydney, Fac Arts Design & Architecture, Sch Built Environm, Paddington, NSW, Australia",Royal Melbourne Institute of Technology (RMIT); University of Cape Town; University of New South Wales Sydney,"De Sisto, M (corresponding author), RMIT Univ, Grad Sch Business & Law, Bldg 13,124 La Trobe St, Melbourne, VIC 3004, Australia.",marco.desisto@rmit.edu.au,"Sanderson, David/AAL-6224-2020; Heffernan, Timothy/AAR-2451-2020; De Sisto, Marco/ABA-5906-2020","Sanderson, David/0000-0003-0398-4343; De Sisto, Marco/0000-0002-1243-6392; Heffernan, Timothy/0000-0002-8118-845X",NSW Government under the Bushfire Local Economic Recovery scheme (BLERF),NSW Government under the Bushfire Local Economic Recovery scheme (BLERF),"We would like to extend our deepest gratitude to the Resilient Town Initiative (RTI) team: Andrew Rae, Joanne Murrell, Kate Johanson, and Chris Blake. Over the past two years, we have worked side by side in planning and conducting every community workshop and consultation. Andrew, your expertise and charismatic personality have been essential in navigating the complex world of disaster management, and we are grateful for your contributions. A special thank you also goes to every participant from the Snowy Valleys; without your engagement and insights, this research project would not exist. We would also like to express our appreciation to Stephan Hitchins for his invaluable intellectual contributions and support throughout this project. Finally, we owe a massive thank you to the editor and the anonymous reviewers. They are the hidden coauthors of any manuscript. Thanks to their insightful feedback and guidance, we-the visible coauthors-have been able to refine the quality of our work and push beyond our limits.",59,10,11,17,45,WILEY,HOBOKEN,"111 RIVER ST, HOBOKEN 07030-5774, NJ USA",0313-6647,1467-8500,,AUST J PUBL ADMIN,Aust. J. Public Adm.,2024 OCT 15,2024,,,,,,10.1111/1467-8500.12668,http://dx.doi.org/10.1111/1467-8500.12668,OCT 2024,28,Public Administration,Social Science Citation Index (SSCI),Public Administration,I8E1B,,"Green Submitted, hybrid",2026-03-04,WOS:001332523400001,View Full Record in Web of Science
C,"Menon, AS; Stolt, R; Elgh, F","Wang, YC; Chan, SH; Wang, ZH",,"Menon, Aju Sukumaran; Stolt, Roland; Elgh, Fredrik",Sheet Metal Forming Tooling- State of Art and Practice in Five Manufacturing Companies,"FLEXIBLE AUTOMATION AND INTELLIGENT MANUFACTURING: MANUFACTURING INNOVATION AND PREPAREDNESS FOR THE CHANGING WORLD ORDER, FAIM 2024, VOL 2",Lecture Notes in Mechanical Engineering,English,Proceedings Paper,33rd International Conference on Flexible Automation and Intelligent Manufacturing,"JUN 23-26, 2024",TAIWAN,Feng Chia University,Sheet metal forming; Design challenges; Manufacturing challenges; State of the art; technology,SYSTEM,"There are several recent developments in technology and methods for the design, manufacture and operation of tooling for sheet metal forming. Technologies such as electric presses with accurately controlled motions and design tools such as forming simulations and AI technologies for knowledge capture and reuse are actively progressing. Manufacturing processes such as additive manufacturing and materials are advancing. There are advancements in the operation of the tooling via for example sensor technology. In this paper, a structured literature search is presented to understand the state of the art in sheet metal forming tooling. In addition, the paper presents an interview study with staff and management from five different industrial companies that are active in tooling design, manufacture, and operation. The objective is finding the current challenges for the companies and to what extent new technologies and methods are considered or being implemented to meet the current challenges. The interviews show that there are challenges concerning the lead time for tooling design and manufacture as well as the availability of the tooling in production. Although the companies have made recent investments, they are lacking the knowledge to fully exploit the potential of the new technologies. The paper strongly advocates for the utilization of technology to address the challenges within the tooling industry, aiming for enhanced efficiency and improved tooling design processes.","[Menon, Aju Sukumaran; Stolt, Roland; Elgh, Fredrik] Jonkoping Univ, Sch Engn, Gjuterigatan 5, S-55318 Jonkoping, Sweden",Jonkoping University,"Menon, AS (corresponding author), Jonkoping Univ, Sch Engn, Gjuterigatan 5, S-55318 Jonkoping, Sweden.",aju.sukumaran.menon@ju.se,"Elgh, Freik/D-2842-2016; Stolt, Roland/IZE-5709-2023","Elgh, Freik/0000-0002-3677-8311; Stolt, Roland/0000-0001-6278-2499; Menon, Aju Sukumaran/0000-0002-5480-6048",Stiftelsen SeydlitzMP bolagen Foundation,Stiftelsen SeydlitzMP bolagen Foundation,"The authors would like to express their gratitude to the involved companies for their cooperation, as well as to the Stiftelsen SeydlitzMP bolagen Foundation for funding the Leaner Tools research project.",25,0,0,0,0,SPRINGER INTERNATIONAL PUBLISHING AG,CHAM,"GEWERBESTRASSE 11, CHAM, CH-6330, SWITZERLAND",2195-4356,2195-4364,978-3-031-74484-6; 978-3-031-74485-3,LECT N MECH ENG,,,2024,,,206.0,214.0,,10.1007/978-3-031-74485-3_23,http://dx.doi.org/10.1007/978-3-031-74485-3_23,,9,"Automation & Control Systems; Computer Science, Artificial Intelligence; Engineering, Industrial; Engineering, Manufacturing",Conference Proceedings Citation Index - Science (CPCI-S),Automation & Control Systems; Computer Science; Engineering,BY4BR,,,2026-03-04,WOS:001437172500023,View Full Record in Web of Science
J,"Almashmoum, M; Cunningham, J; Alkhaldi, O; Anisworth, J",,,"Almashmoum, Maryam; Cunningham, James; Alkhaldi, Ohoud; Anisworth, John",Factors That Affect Knowledge-Sharing Behaviors in Medical Imaging Departments in Cancer Centers: Systematic Review,JMIR HUMAN FACTORS,,English,Review,,,,,knowledge management; knowledge sharing; medical imaging department; radiology department; nuclear medicine department; facilitators; barriers; systematic review,HEALTH-CARE; DECISION-MAKING; MANAGEMENT; COMMUNITY; NETWORKS; SUPPORT; TEAM,"Background: Knowledge management plays a significant role in health care institutions. It consists of 4 processes: knowledge creation, knowledge capture, knowledge sharing, and knowledge application. The success of health care institutions relies on effective knowledge sharing among health care professionals, so the facilitators and barriers to knowledge sharing must be identified and understood. Medical imaging departments play a key role in cancer centers. Therefore, an understanding of the factors that affect knowledge sharing in medical imaging departments should be sought to increase patient outcomes and reduce medical errors. Objective: The purpose of this systematic review was to identify the facilitators and barriers that affect knowledge-sharing behaviors in medical imaging departments and identify the differences between medical imaging departments in general hospitals and cancer centers.Methods: We performed a systematic search in PubMed Central, EBSCOhost (CINAHL), Ovid MEDLINE, Ovid Embase, Elsevier (Scopus), ProQuest, and Clarivate (Web of Science) in December 2021. Relevant articles were identified by examining the titles and abstracts. In total, 2 reviewers independently screened the full texts of relevant papers according to the inclusion and exclusion criteria. We included qualitative, quantitative, and mixed methods studies that investigated the facilitators and barriers that affect knowledge sharing. We used the Mixed Methods Appraisal Tool to assess the quality of the included articles and narrative synthesis to report the results.Results: A total of 49 articles were selected for the full in-depth analysis, and 38 (78%) studies were included in the final review, with 1 article added from other selected databases. There were 31 facilitators and 10 barriers identified that affected knowledge-sharing practices in medical imaging departments. These facilitators were divided according to their characteristics into 3 categories: individual, departmental, and technological facilitators. The barriers that hindered knowledge sharing were divided into 4 categories: financial, administrative, technological, and geographical barriers. Conclusions: This review highlighted the factors that influenced knowledge-sharing practices in medical imaging departments in cancer centers and general hospitals. In terms of the facilitators and barriers to knowledge sharing, this study shows that these are the same in medical imaging departments, whether in general hospitals or cancer centers. Our findings can be used as guidelines for medical imaging departments to support knowledge-sharing frameworks and enhance knowledge sharing by understanding the facilitators and barriers.(JMIR Hum Factors 2023;10:e44327) doi: 10.2196/44327","[Almashmoum, Maryam; Cunningham, James; Alkhaldi, Ohoud; Anisworth, John] Univ Manchester, Fac Biol Med & Hlth, Sch Hlth Sci, Div Informat Imaging & Data Sci, Vaughan House,Portsmouth St, Manchester M13 9GB, England; [Almashmoum, Maryam] Kuwait Canc Control Ctr, Nucl Med Dept, Kuwait, Kuwait; [Alkhaldi, Ohoud] Imam Abdulrahman Bin Faisal Univ, Coll Publ Hlth, Hlth Informat Management & Technol Dept, Dammam, Saudi Arabia",University of Manchester; Imam Abdulrahman Bin Faisal University,"Almashmoum, M (corresponding author), Univ Manchester, Fac Biol Med & Hlth, Sch Hlth Sci, Div Informat Imaging & Data Sci, Vaughan House,Portsmouth St, Manchester M13 9GB, England.",maryam.almashmoum@postgrad.manchester.ac.uk,"Cunningham, James/KII-0320-2024","Cunningham, James/0000-0003-0606-2168; , Ohoud Alkhaldi/0000-0003-4244-7532; Almashmoum, Maryam/0000-0003-2756-3842; Ainsworth, John/0000-0002-2187-9195","Ministry of Health, Kuwait; University of Manchester, United Kingdom","Ministry of Health, Kuwait; University of Manchester, United Kingdom","The Medical Subject Heading terms with the Boolean operators were developed with the help of a Teaching and Learning Librarian from the University of Manchester, Micheal Stevenson. This study was completed as part of doctoral studies funded by the Ministry of Health, Kuwait, and the University of Manchester, United Kingdom.",72,4,5,4,17,"JMIR PUBLICATIONS, INC",TORONTO,"130 QUEENS QUAY East, Unit 1100, TORONTO, ON M5A 0P6, CANADA",2292-9495,,,JMIR HUM FACTORS,JMIR Hum. Factors,,2023,10.0,,,,e44327,10.2196/44327,http://dx.doi.org/10.2196/44327,,19,Health Care Sciences & Services; Medical Informatics,Emerging Sources Citation Index (ESCI),Health Care Sciences & Services; Medical Informatics,M9PD2,37436810.0,"Green Submitted, Green Published, gold",2026-03-04,WOS:001033451200002,View Full Record in Web of Science
C,"Green, C; Haghani, N; Hernandez-Pellerano, A; Gheen, B; Lanham, A; Fraction, J",,IEEE,"Green, Christopher; Haghani, Noosha; Hernandez-Pellerano, Amri; Gheen, Bobby; Lanham, Austin; Fraction, James",MUSTANG: A Workhorse for NASA Spaceflight Avionics,"2023 IEEE 9TH INTERNATIONAL CONFERENCE ON SPACE MISSION CHALLENGES FOR INFORMATION TECHNOLOGY, SMC-IT",IEEE International Conference on Space Mission Challenges for Information Technology,English,Proceedings Paper,IEEE 9th International Conference on Space Mission Challenges for Information Technology (SMC-IT),"JUL 18-21, 2023","Pasadena, CA","IEEE,IEEE Comp Soc, Tech Council Software Engn",MUSTANG; GSFC; avionics; modular; command and data handling; C&DH; CDH; onboard processing,,"The Modular Unified Space Technology Avionics for Next Generation (MUSTANG) is a small integrated Avionics system including Command and Data Handling (C&DH), Power System Electronics (PSE), Attitude Control System Interfaces (ACS), and Propulsion Electronics. The MUSTANG Avionics Architecture is built upon many years of knowledge capture and lessons learned at the Goddard Space Flight Center. With a motivation towards modularity and keeping board redesign costs to a minimum, MUSTANG offers flexibility in features with a backplane-less design and allows the user to choose the options (cards) needed for their system. It incorporates a distributed power system that provides secondary power to all its subcomponents reducing the number of primary services needed for an Avionics. MUSTANG can be integrated into one system or divided into several smaller components. MUSTANG supports redundancy and cross-strap ability for a more robust and reliable Avionics system. A variation of MUSTANG exists for Instrument Electronics called iMUSTANG and allows the user to select functionality applicable to the instrument electronics. MUSTANG is not meant to replace Avionics for all spacecraft. There are limitations due to its relatively compact size, but the MUSTANG design has proven broadly applicable on many spacecraft and instrument bus avionics architectures.","[Green, Christopher; Haghani, Noosha; Hernandez-Pellerano, Amri; Gheen, Bobby; Lanham, Austin; Fraction, James] NASA, Goddard Space Flight Ctr, Greenbelt, MD 20771 USA",National Aeronautics & Space Administration (NASA); NASA Goddard Space Flight Center,"Green, C (corresponding author), NASA, Goddard Space Flight Ctr, Greenbelt, MD 20771 USA.",christopher.m.green-1@nasa.gov; noosha.e.haghani@nasa.gov; amri.i.hernandez-pelle@nasa.gov; robert.gheen-1@nasa.gov; austin.h.lanham@nasa.gov; james.e.fraction@nasa.gov,,,,,,9,2,3,0,2,IEEE COMPUTER SOC,LOS ALAMITOS,"10662 LOS VAQUEROS CIRCLE, PO BOX 3014, LOS ALAMITOS, CA 90720-1264 USA",2836-4163,,979-8-3503-4137-9,Challenge Info Techn,,,2023,,,94.0,103.0,,10.1109/SMC-IT56444.2023.00019,http://dx.doi.org/10.1109/SMC-IT56444.2023.00019,,10,"Engineering, Aerospace; Computer Science, Interdisciplinary Applications; Engineering, Electrical & Electronic",Conference Proceedings Citation Index - Science (CPCI-S),Engineering; Computer Science,BV5OH,,,2026-03-04,WOS:001051001400011,View Full Record in Web of Science
J,"Iheukwumere-Esotu, LO; Yunusa-Kaltungo, A",,,"Iheukwumere-Esotu, Lilian Ogechi; Yunusa-Kaltungo, Akilu",Development of an Interactive Web-Based Knowledge Management Platform for Major Maintenance Activities: Case Study of Cement Manufacturing System,SUSTAINABILITY,,English,Article,,,,,knowledge management platform; major overhauls; outages; shutdowns; turnarounds; knowledge management platform,APPLYING TACIT KNOWLEDGE; QUALITATIVE RESEARCH; DELPHI METHOD; BIG DATA; PROJECTS; PERFORMANCE; FRAMEWORK; INTERVAL; MODEL; TOOL,"The expectations of organizations within industries that perform MoOSTs when adopting knowledge management (KM) as part of their organizational process are to improve the ability to execute their core business functions in the process of capturing as well as retaining expert knowledge. However, existing literature is limited in MoOSTs-specific knowledge management systems (KMS) that can assist with experience capturing, collation and transfer. This is partly due to the challenges associated with the ability to design, implement and test the efficacy of such KMS in practice, owing to many intricately identified knowledge barriers within MoOSTs. In this study, through a cement manufacturing process case study, a proposal depicting a typical KM process within MoOSTs is presented along with an early stage interactive web-based KMS for MoOSTs. The developed KMS is termed MoOSTs knowledge platform (MoOSTsKP). The MoOSTsKP was evaluated by experts for its fluidity, resilience, and adaptability to different MoOSTs organizations, which are crucial elements for integration into existing MoOSTs information technology (IT) systems. The MoOSTsKP is identified with having many benefits including prioritization of MoOSTs activities based on an in-built criticality assessment model, which enables MoOSTs experts to instantly identify priority knowledge classes and in turn rationalise the workload associated with knowledge capture and reuse. Based on expert opinions, it is envisaged that the proposed MoOSTsKP would contribute immensely towards the alleviation of challenges associated with incessant loss of vital expertise.","[Iheukwumere-Esotu, Lilian Ogechi; Yunusa-Kaltungo, Akilu] Univ Manchester, Dept Mech Aerosp & Civil Engn, Oxford Rd, Manchester M13 9PL, Lancs, England",University of Manchester,"Yunusa-Kaltungo, A (corresponding author), Univ Manchester, Dept Mech Aerosp & Civil Engn, Oxford Rd, Manchester M13 9PL, Lancs, England.",akilu.kaltungo@manchester.ac.uk,"Iheukwumere -Esotu, Lilian/AAK-2881-2020; yunusa-kaltungo, akilu/AFM-7988-2022","Iheukwumere -Esotu, Lilian/0000-0002-0367-4399; yunusa-kaltungo, akilu/0000-0001-5138-3783","Petroleum Technology Development Fund (PTDF), Nigeria [PTDF/ED/PHD, ILO/1025/17]","Petroleum Technology Development Fund (PTDF), Nigeria","Lilian O. Iheukwumere-Esotu acknowledges receipt of a PhD scholarship from the Petroleum Technology Development Fund (PTDF), Nigeria, number PTDF/ED/PHD, ILO/1025/17.",75,7,9,0,16,MDPI,BASEL,"ST ALBAN-ANLAGE 66, CH-4052 BASEL, SWITZERLAND",,2071-1050,,SUSTAINABILITY-BASEL,Sustainability,SEP,2022,14.0,17.0,,,11041,10.3390/su141711041,http://dx.doi.org/10.3390/su141711041,,23,Green & Sustainable Science & Technology; Environmental Sciences; Environmental Studies,Science Citation Index Expanded (SCI-EXPANDED); Social Science Citation Index (SSCI),Science & Technology - Other Topics; Environmental Sciences & Ecology,4K4BR,,"Green Submitted, Green Published, gold",2026-03-04,WOS:000851897900001,View Full Record in Web of Science
C,"Covaci, FL; Buchmann, RA; Dragos, R","Rocha, AP; Steels, L; VandenHerik, J",,"Covaci, Florina Livia; Buchmann, Robert Andrei; Dragos, Radu",Towards a Knowledge Graph-specific Definition of Digital Transformation: An Account Networking View for Auditing,ICAART: PROCEEDINGS OF THE 14TH INTERNATIONAL CONFERENCE ON AGENTS AND ARTIFICIAL INTELLIGENCE - VOL 3,ICAART,English,Proceedings Paper,14th International Conference on Agents and Artificial Intelligence (ICAART),"FEB 03-05, 2022",ELECTR NETWORK,,Knowledge Graph; Accounting Auditing; Digital Transformation; RDF,,"This paper reports on an experimental Digital Transformation project where RDF graphs are adopted in an organization's accounting and document management system as a novel approach to accounting digitization, going beyond traditional ERP systems to enable account-centric network analysis and more insightful master data management - having accounting contextualized in a relationship-rich Knowledge Graph that captures some of the tacit knowledge that accountants and auditors apply during their common tasks. Legacy ERP systems that are based on relational databases face challenges when aggregating information regarding the transactions that an account was involved in, which sometimes involve multihop JOINs, links to contextual documents that may reside elsewhere, or rules that mimic (at least partially) an auditor's reasoning. The paper reports on a knowledge capture effort for mapping accounting information into an RDF graph in order to overcome limitations of legacy systems with auditing support, currently implemented in a feasibility demonstrator of low Technological Readiness Level. As theoretical implications, we also derive from this experience a novel, specialized definition of Digital Transformation.","[Covaci, Florina Livia; Buchmann, Robert Andrei] Babes Bolyai Univ, Business Informat Syst Dept, Cluj Napoca, Romania; [Dragos, Radu] Babes Bolyai Univ, Comp Sci Dept, Cluj Napoca, Romania",Babes Bolyai University from Cluj; Babes Bolyai University from Cluj,"Covaci, FL (corresponding author), Babes Bolyai Univ, Business Informat Syst Dept, Cluj Napoca, Romania.",,"Buchmann, Robert/ABB-6735-2020; Covaci, Florina/AAZ-7707-2020; Dragos, Radu/C-3703-2015",,European Regional Development Fund (ERDF) through the Competitiveness Operational Programme for Romania [POC/398/1/1/124155],European Regional Development Fund (ERDF) through the Competitiveness Operational Programme for Romania(European Union (EU)),The current work was supported by the project POC/398/1/1/124155 -co-financed by the European Regional Development Fund (ERDF) through the Competitiveness Operational Programme for Romania 2014-2020.,14,1,3,1,24,SCITEPRESS,SETUBAL,"AV D MANUELL, 27A 2 ESQ, SETUBAL, 2910-595, PORTUGAL",2184-433X,,978-989-758-547-0,ICAART,,,2022,,,637.0,644.0,,10.5220/0010875000003116,http://dx.doi.org/10.5220/0010875000003116,,8,"Computer Science, Artificial Intelligence; Computer Science, Interdisciplinary Applications; Computer Science, Software Engineering; Computer Science, Theory & Methods",Conference Proceedings Citation Index - Science (CPCI-S),Computer Science,BS8PH,,hybrid,2026-03-04,WOS:000774776400078,View Full Record in Web of Science
J,"Dostál, M",,,"Dostal, Michal",Service Desk Onboarding Training Environment,ACTA INFORMATICA PRAGENSIA,,English,Article,,,,,Service desk; Knowledge management; Training; Eye tracking; Skills management,ELICITATION,"Low qualification of employees newly hired to service desks contributes to the high turnover of service desk agents and consequently to low quality of services delivered. This paper proposes a conceptual artefact comprising two modules for tacit knowledge elicitation and knowledge transfer during the onboarding training process. The design of the artefact follows the design science methodology. Exante evaluation methods are chosen to evaluate the importance of a problem domain and evaluate the artefact feasibility. Expert interviews and focus group discussions with experts from the field were performed to support the evaluation activities. The proposed framework uses eye-tracking technology to complement captured knowledge with tacit knowledge. Next, the proposed model incorporates a simulated environment for enhanced training experience and effective knowledge transfer from expert employees to novice ones. This paper and the proposed artefact aim to improve the training process of service desk employees and to contribute to wider use of tacit knowledge capture and elicitation in IT service","[Dostal, Michal] Tech Univ Liberec, Fac Econ, Voronězska 13, Liberec 46001, Czech Republic",Technical University of Liberec,"Dostál, M (corresponding author), Tech Univ Liberec, Fac Econ, Voronězska 13, Liberec 46001, Czech Republic.",michal.dostal1@tul.cz,"Dostál, Michal/ACI-7006-2022","Dostál, Michal/0000-0001-6398-624X",Student Grant Competition of the Technical University of Liberec [SGS-2022-1021],Student Grant Competition of the Technical University of Liberec,Funding: This work was supported by the Student Grant Competition of the Technical University of Liberec under Grant No. SGS-2022-1021.,24,1,2,2,6,Prague Univ Economics and Business,PRAGUE 3,"NAM W CHURCHILLA 4, PRAGUE 3, CZECH REPUBLIC",,1805-4951,,ACTA INFORM PRAG,Acta Inform. Prag.,,2022,11.0,2.0,265.0,284.0,,10.18267/j.aip.188,http://dx.doi.org/10.18267/j.aip.188,,20,"Computer Science, Interdisciplinary Applications; Social Sciences, Interdisciplinary",Emerging Sources Citation Index (ESCI),Computer Science; Social Sciences - Other Topics,Y5JU5,,"Green Submitted, gold",2026-03-04,WOS:001105626500001,View Full Record in Web of Science
C,"Irvine, TB",,AIAA,"Irvine, Thomas B.","Emerging Technologies, Societal Trends, and the Aerospace Industry",AIAA SCITECH 2022 FORUM,,English,Proceedings Paper,AIAA Science and Technology Forum and Exposition (AIAA SciTech Forum),"JAN 03-07, 2022",ELECTR NETWORK,AIAA,,,"For the past two years, AIAA has been capturing knowledge and information as presented at its forums and documenting the findings in reports given to the Institute leadership and to the AIAA staff. To affect a wider distribution, this paper summarizes the findings and recommendations that have resulted from the knowledge capture exercise. The findings can be categorized as emerging technology and societal trends that are, or will, influence the aerospace industry and profession. The topics covered at the AIAA forums were analyzed through a weighted criteria matrix approach and the Top 5 technologies and trends identified. The subjective weighting criteria included attendance at the applicable programming/session, the engagement of session attendees as measured by the number of questions as submitted via the online question and answer tools, and the post-session discussion enthusiasm. The five technologies and trends that AIAA forum participants are most focused on, and enthused about, from the years 2020 and 2021 are 1) Sustainability/Sustainable Product Life Cycle, 2) the Democratization of Space, 3) Adopting and Enabling New Technologies, 4) Climate Change/Climate Neutral Aviation, and 5) The Need for Speed: Supersonic and Hypersonic Flight.","[Irvine, Thomas B.] TBI Aerosp Consulting LLC, Cedar, MI 49621 USA",,"Irvine, TB (corresponding author), TBI Aerosp Consulting LLC, Cedar, MI 49621 USA.",,,,,,,20,2,2,0,0,AMER INST AERONAUTICS & ASTRONAUTICS,RESTON,"1801 ALEXANDER BELL DR, STE 500, RESTON, VA 20191-4344 USA",,,978-1-62410-631-6,,,,2022,,,,,,,,,16,"Engineering, Aerospace; Engineering, Mechanical; Mechanics",Conference Proceedings Citation Index - Science (CPCI-S),Engineering; Mechanics,BX8AA,,,2026-03-04,WOS:001328739806031,View Full Record in Web of Science
