case_id,Initial_deepseek_nodes,Initial_deepseek_relations,Initial_gemini_nodes,Initial_gemini_relations,r1_nodes,r1_relations,r2_nodes,r2_relations,r3_nodes,r3_relations,node_accepted_rate,relation_accepted_rate
c101,24,59,22,25,46,65,46,58,36,58,0.78,0.69
c102,45,71,15,24,56,90,53,67,51,67,0.85,0.71
c103,51,64,27,34,71,90,68,77,53,74,0.68,0.76
c104,42,59,21,31,56,90,48,59,39,47,0.62,0.52
c105,33,51,12,15,44,64,39,51,30,47,0.67,0.71
c106,0,0,26,27,26,23,24,19,24,19,0.92,0.7
c107,44,46,23,32,47,46,45,40,42,35,0.63,0.45
c108,42,49,19,28,57,71,52,57,40,48,0.66,0.62
c109,22,26,12,15,34,40,31,34,25,29,0.74,0.71
