Object,Validation Question,rsp
1,Which uncodified skills intuitions or behavioral routines are described?,"Based on the information provided, the uncodified skills, intuitions, or behavioral routines described include **real-time hazard identification performance**, which was improved through a VR training system, and **self-efficacy belief**, which refers to an individual's belief in their capability to perform tasks."
2,Which specific roles experts or teams are identified as possessing knowledge?,I don't know the answer.
3,What non-digital human-driven knowledge transfer mechanisms are described?,"The non-digital human-driven knowledge transfer mechanism described is a traditional training method involving an excavation health and safety manual, used as a control group in the study."
4,Which digital systems or tools are explicitly used to host/capture knowledge?,"Based on the available information, the digital system used is the Direct selection user interface mode."
5,What emerging technologies underpin the technology-enable practices?,"The immersive VR training solution was deployed on the Oculus Quest head-mounted display, with virtual environments built using the Unity game engine. Interaction was enabled through Oculus Quest’s wireless controllers, and the direct selection user interface mode was found to optimize hazard identification accuracy."
6,What internal prerequisites are stated as necessary for practice success?,"Based on the provided information, the immersive VR training system's objectives were developed based on two key guidelines: the Occupational Safety and Health Administration (OSHA) Trenching and Excavation Safety standards and the WorkSafe Excavation Safety regulations. These industry health and safety regulations serve as the necessary internal prerequisites for the practice's success."
7,What external factors outside organizational control affect implementation?,"Industry health and safety regulations, such as those from the Occupational Safety and Health Administration (OSHA) and WorkSafe, are external factors that affect implementation."
8,What inherent vulnerabilities or failure points of practices are acknowledged?,The acknowledged limitation for both the Health and safety manual self-study and the Immersive VR training system is knowledge decay over time.
9,Which specific Knowledge Holder currently possesses tacit knowledge?,"The specific Knowledge Holder that currently possesses tacit knowledge is the group of construction professionals, defined as industry practitioners directly working within or managing construction and geotechnical works. This is based on a study involving 28 university students and 12 professionals from the construction sector, as noted on Page 9, Section 4.1 of the case titled ""Immersive virtual reality training for excavation safety and hazard identification."""
10,which Knowledge Holder demonstrably gained tacit knowledge?,"Based on the provided information, the Knowledge Holders who demonstrably gained tacit knowledge are the 28 university students and the 12 construction professionals who participated in the study."
11,Which tacit knowledge is partically codified by knowledge holder into structured artifacts?,"Based on the provided information, the tacit knowledge that is partially codified is **Real-time hazard identification performance**, as it relates to the VR training system's effectiveness in improving practical performance with excavation hazards."
12,Through which exact practice (traditional or technology-enable) is tacit Knowledge distributed to learners?,I don't know the answer.
13,Which Knowledge Holders actively take part in knowledge retention practice,The participants consisted of 28 university students and 12 professionals from the construction sector.
14,Which tacit behaviors or routines are actively tracked/monitored within Technology-enable Practice?,"Based on the provided information, the tacit behavior actively tracked within the Technology-enabled Practice is **Real-time hazard identification performance**, which involves the uncodified spatial skill and action of spotting, evaluating, and responding to hazards in a live setting."
15,What Organizational or Environmental Dependencies must exist for knowledge retention practices to succeed?,"For knowledge retention practices to succeed, the training objectives must be aligned with established industry health and safety regulations, such as those outlined by the Occupational Safety and Health Administration (OSHA) Trenching and Excavation Safety and WorkSafe Excavation Safety guidelines."
16,What inherent Limitations directly hinder the effectiveness of knowledge retention practices?,"The inherent limitation that directly hinders the effectiveness of knowledge retention practices is knowledge decay over time, which refers to the cognitive degradation of retained safety information over an extended period without refresher training. This vulnerability is supported by Ebbinghaus's forgetting curve."
17,Why is Tacit Knowledge particularly challenging to codify or store? (Map to specific Limitation),"Tacit knowledge is particularly challenging to codify or store due to a knowledge-to-practice gap, where physical therapy graduates do not use newly acquired knowledge to inform their practice, indicating that knowing more does not necessarily mean behaving more safely."
18,Which Digital Technologies form the foundation of Technology-enable Practices?,"The Digital Technologies that form the foundation of the Technology-enable Practice include the Head Mounted Displays (Oculus Quest), the Unity game engine, Wireless controllers, and the Direct selection user interface mode."
19,How does knowledge retention practices assess or measure whether participants have acquired tacit knowledge?,I don't know the answer.
20,Does Technology-enable Practices completely resolve limitation? What evidence supports this?,"Based on the available information, the Technology-enabled Practice—the Immersive VR training system—does not completely resolve the limitation of knowledge decay over time. The evidence provided shows that the system is effective in improving practical performance with excavation hazards, as suggested by the pilot study's results. However, the explicit evidence only mentions a knowledge test covering critical hazards, without demonstrating that the VR training fully prevents knowledge from decaying over time. Therefore, while the practice shows promise, it does not offer complete resolution of the limitation."
21,Does Technology-enable Practices lower or control limitation without eliminating it?,"Based on the provided information, the Technology-enabled Practice is an immersive VR training system for excavation safety, while the limitation is knowledge decay over time. The evidence does not indicate that the immersive VR training system lowers or controls this limitation. Therefore, I cannot confirm that it does."
22,How does Technology-enable Practices enhance or patch Traditional Practice without replacing it?,"Based on the provided information, the Technology-enabled Practice—an immersive VR training system for excavation safety—enhances the Traditional Practice of self-study using a health and safety manual. Rather than replacing the manual, the VR system offers an interactive 3D environment for guided exploration, which supplements the text-based, self-paced reading approach by providing a more engaging and hands-on way to identify hazards."
23,What evidence shows that Technology-enable Practice  still relies on human baselines or that Traditional Practice remains legally/operationally mandatory?,I don't know the answer.
